<?xml version='1.0' encoding='utf-8'?>
<!DOCTYPE hibernate-configuration PUBLIC
        "-//Hibernate/Hibernate Configuration DTD 3.0//EN"
        "http://hibernate.sourceforge.net/hibernate-configuration-3.0.dtd">

<hibernate-configuration>

	<session-factory>

		<!-- Database connection settings -->
		<property name="connection.driver_class">com.mysql.jdbc.Driver</property>
		<property name="connection.url">jdbc:mysql://sl-us-dal-9-portal.5.dblayer.com:20514/compose</property>
		
		<property name="connection.username">admin</property>
		<property name="connection.password">NYMQZUCFGDSICGZD</property>

	 	<!-- <property name="connection.url">jdbc:mysql://localhost:3306/test</property>
		
		<property name="connection.username">root</property>
		<property name="connection.password">admin</property>  -->
		<!-- JDBC connection pool (use the built-in) -->
		<property name="connection.pool_size">1</property>

		<!-- SQL dialect -->
		<property name="dialect">org.hibernate.dialect.MySQLDialect</property>

		<!-- Enable Hibernate's automatic session context management -->
		<property name="current_session_context_class">thread</property>

		<!-- Disable the second-level cache -->
		<property name="cache.provider_class">org.hibernate.cache.NoCacheProvider</property>

		<!-- Echo all executed SQL to stdout -->
		<property name="show_sql">true</property>
		<property name="hibernate.hbm2ddl.auto">update</property>
		<mapping resource="CustomerApplication.hbm.xml" />

	</session-factory>

</hibernate-configuration>
