<project name="HexFrame" default="all" basedir=".">
	<property file="HexFrameBuild.properties"/>

	<property name="VERSION" value="1.2.24"/>
	<property name="TIME" value="Thu Jan 01 2004"/>

	<!-- Set CLASSPATH -->
	<path id="project.class.path">
    	<pathelement location="${PROJECT.LIB}"/>
    	<pathelement path="${PROJECT.LIB}/log4j-1.2.8.jar"/>
		<pathelement path="${PROJECT.LIB}/Spring2.0.1.jar"/>
		<pathelement path="${PROJECT.LIB}/struts.jar"/>
		<pathelement path="${PROJECT.LIB}/hibernate-3.0.5.jar"/>
		<pathelement path="${PROJECT.LIB}/jsf-api.jar"/>
		<pathelement path="${PROJECT.LIB}/jsf-impl.jar"/>
		<pathelement path="${PROJECT.LIB}/javaee.jar"/>
		<pathelement path="${PROJECT.LIB}/toplink-essentials.jar"/>
		<pathelement path="${PROJECT.LIB}/icefaces.jar"/>
		<pathelement path="${PROJECT.LIB}/icefaces-comps.jar"/>
		<pathelement path="${PROJECT.LIB}/struts2-api-2.0.1.jar"/>
		<pathelement path="${PROJECT.LIB}/struts2-core-2.1.6.jar"/>
		<pathelement path="${PROJECT.LIB}/xwork-2.1.2.jar"/>
		<pathelement path="${PROJECT.LIB}/jackson-annotations-2.7.4.jar"/>
		<pathelement path="${PROJECT.LIB}/jackson-core-asl-1.9.2.jar"/>
		<pathelement path="${PROJECT.LIB}/jackson-jaxrs-1.9.2.jar"/>
		<pathelement path="${PROJECT.LIB}/jackson-mapper-asl-1.9.2.jar"/>
		<pathelement path="${PROJECT.LIB}/jackson-xc-1.9.2.jar"/>
		<pathelement path="${PROJECT.LIB}/jaxen-1.1-beta-4.jar"/>
		<pathelement path="${PROJECT.LIB}/jersey-bundle-1.17.jar"/>
		<pathelement path="${PROJECT.LIB}/jersey-json-1.19.jar"/>
		<pathelement path="${PROJECT.LIB}/json-lib-2.4-jdk15.jar"/>
		<pathelement path="${PROJECT.LIB}/json-simple-1.1.1.jar"/>
		<pathelement path="${PROJECT.LIB}/jta-1.1.jar"/>
		<pathelement path="./servlet-api.jar"/>
		<pathelement path="${PROJECT.BASE.DIR}/WEB-INF/classes"/>	
		
		
	</path>
	
	
	<target name="class-compile">				
		<echo message="Starting the Compilation$$$$$$$$$$$$$$$$$$$$$$$$$$$$$$"/>
		<echo message="$$$$$$$$$$$$$$$$$$$$$$$$$$$$$$$$$$$$$$$$$$$$$$$$$$$$$$$$"/>
			<echo message="${PROJECT.LIB}"/>
		<javac destdir="${PROJECT.BUILD}">
			<src path="${DEVELOP.SRC.JAVA.DIR}"/>
			<classpath refid="project.class.path"/>
			
			
		</javac>

	</target> 

    <target name="move-tld" >	
    	<echo message="Moving TLD"/>
			<copy todir="${PROJECT.TLD.DEST}">
				<fileset dir="./com/hex/templates/tld"/>
			</copy>
	
	</target>	

    <target name="move-js">	
    	<echo message="Moving JavaScript"/>
		<copy todir="${PROJECT.BASE.DIR}/js">
				<fileset dir="./com/hex/templates/js"/>
		</copy>
	</target>
    <target name="move-css">	
    	<echo message="Moving StyleSheets"/>
		<copy todir="${PROJECT.BASE.DIR}/css">
				<fileset dir="./com/hex/templates/css"/>
		</copy>
	</target>
    <target name="move-images">	
    	<echo message="Moving Images"/>
		<copy todir="${PROJECT.BASE.DIR}/images">
				<fileset dir="./com/hex/templates/images"/>
		</copy>
	</target>
		
	<target name="move-lib" depends="move-tld">
		<echo message="Moving LIB"/>
		<mkdir dir="${PROJECT.BUILD}/lib"/>	
		<copy todir="${PROJECT.LIB.DEST}">
				<fileset dir="com/hex/templates/${PROJECT.LIB.PACKAGEforBussiness}/"/>
		</copy>
		<copy todir="${PROJECT.LIB.DEST}">
				<fileset dir="com/hex/templates/${PROJECT.LIB.PACKAGEFORPRESENTATION}"/>
		</copy>
		<copy todir="${PROJECT.LIB.DEST}">
				<fileset dir="com/hex/templates/${PROJECT.LIB.PACKAGEforPersistence}"/>
		</copy>
		<copy todir="${PROJECT.LIB.DEST}">
				<fileset dir="com/hex/templates/${PROJECT.LIB.PACKAGE}"/>
		</copy>
	</target>	
	
	<target name="clean">
		<delete file="${PROJECT.BASE.DIR}/${PROJECT.WAR}.war" failonerror="false" />
		<!-- <delete file="${DEPLOY.DIR}/${PROJECT.WAR}.war" failonerror="false" />
		<delete includeEmptyDirs="true" failonerror="false">
		    <fileset dir="${DEPLOY.DIR}/${PROJECT.WAR}"/>
	    </delete>
		<delete includeEmptyDirs="true" failonerror="false">
		    <fileset dir="D:\Tomcat 5.0\work\Catalina\localhost\${PROJECT.WAR}"/>
	    </delete> -->
	</target>

	<target name="war" depends="move-lib, move-tld, move-js, move-css, move-images">		
		<jar basedir="${PROJECT.BASE.DIR}" jarfile="${PROJECT.BASE.DIR}\..\${PROJECT.WAR}.war">			
		</jar>
	</target>

	
<target name="all" depends="class-compile, clean, war">
	</target>

	<target name="copy_war">
		<copy file="${PROJECT.BASE.DIR}\..\${PROJECT.WAR}.war" tofile="${DEPLOY.DIR}\${PROJECT.WAR}.war" overwrite="true"/>
	</target>

	<target name="deploy" depends="all, copy_war">
		<echo message="End of BaseDataManager Builds"/>
	</target>

</project>
